CD8T;CD4T;NK;Bcell;Mono;Gran
200715340057_R01C01;0.0487259465024278;0.181594910053377;0;0.0661858324601462;0.0600599420625782;0.661989598068009
200715340057_R02C01;0.0188496853889461;0.0819779338161928;0;0.0338710179764463;0.0421361176706543;0.835410884342163
200715340057_R03C01;0.10766005662313;0.14933043715406;0.0480099020422379;0.102737407615138;0.0746631047948689;0.538644421350602
200715340057_R04C01;0.0489980322209763;0.0606719733510384;0.0440121482445686;0.0627054203302749;0.0555168690321415;0.746590807795716
200715340057_R05C01;0.101102272679456;0.273836510765227;0;0.115942642425924;0.0586257983255224;0.477392407796707
200715340057_R06C01;0.05235669790145;0.0569473985524126;0.00722390685679629;0.0689822068232546;0.0339764091252178;0.809244055038764
200715340057_R07C01;0.147443722666833;0.150550604177552;0.0454143538440189;0.0603130476130972;0.0738290658323831;0.548614117390118
200715340057_R08C01;0.10914445135127;0.0795847090563066;0.0178934256089095;0.0337878440484457;0.0511382878829042;0.725278727218684
200715340073_R01C01;0.110692822382725;0.213984015758558;0.056204734557867;0.0704660571745191;0.0386504620139916;0.52993768786616
200715340073_R02C01;0.0757949912899814;0.111525196691091;0.0177122282954976;0.0458832182741382;0.0313252890408431;0.730448733280143
200715340073_R03C01;0.10810228625053;0.219109437137034;0.0965054803606329;0.0757199532496773;0.0614868759136086;0.459101881888554
200715340073_R04C01;0.0364353058162759;0.0663193563980583;0.0451460618930937;0.036431574513263;0.0611192231537658;0.768554196260561
200715340073_R05C01;0.026826194948445;0.27593340024195;0.0404550877840748;0.0446014206361786;0.0602599902856299;0.572048162697859
200715340073_R06C01;0;0.139837037244728;0.0601424851937783;0.0300017687795017;0.0457594244498065;0.741591299637586
200715340073_R07C01;0.0889735414131044;0.15499581214178;0.0905023624797003;0.0552043059299142;0.0700224851232238;0.580272863031661
200715340073_R08C01;0.0189202400684002;0.0297000115868909;0.0621530172560354;0.0326246458315588;0.0366774361387353;0.841516328043382
200712160102_R01C01;0.0307454877667644;0.122049613463189;0.0391647066553416;0.084892524802387;0.076630791568685;0.659313401211352
200712160102_R02C01;0;0.0449326579126038;0.0217050186850547;0.0425597569342277;0.0425520739728448;0.858813727820163
200712160102_R03C01;0.0760988197549251;0.223046908411101;0.0714699873859368;0.0741307726210374;0.106352634244878;0.466499102040563
200712160102_R04C01;0.0314470921331163;0.0586127355027534;0.01312906406027;0.0454909159090308;0.0485538595365779;0.81788705749796
200712160102_R05C01;0.0393558935036488;0.17195820388534;0.0336547442344611;0.0430412984973975;0.0608436035798239;0.67083689357285
200712160102_R06C01;0.0323340698251211;0.0675184123334674;0.0235984119426694;0.0324355012920889;0.0479174752400363;0.814922906324492
200712160102_R07C01;0.13503909785288;0.22409194293694;0.0293039613816399;0.0896037522914915;0.0539298109730227;0.493086666700692
200712160102_R08C01;0.0712042423492132;0.0787960165072134;0.0257674283462283;0.0481577641589868;0.0521143420174844;0.739568598052012
200715340075_R01C01;0.0499282583791068;0.102227024025672;0.0326808969690842;0.0545963739286342;0.0430847666773954;0.728930704397259
200715340075_R02C01;0.0904985647669415;0.165607091788076;0.00489583700370412;0.0874458903833499;0.0334656621141425;0.636460572342601
200715340075_R03C01;0.0554153291931306;0.103851839447095;0.0169199873384614;0.065300305042067;0.0276613069115491;0.742221069621846
200715340075_R04C01;0.120282061338853;0.189581464624881;0.000123899037351686;0.0850655795885386;0.0516175336096019;0.570755776270783
200715340075_R05C01;0.0450847900814842;0.109075965700442;0.0777014064659789;0.0644958948495501;0.0867961105154169;0.639798545439242
200715340075_R06C01;0.0410209116461292;0.11218003495998;0.110524816371704;0.0667165853659461;0.102721621549134;0.59585186179423
200715340075_R07C01;0.056716818728204;0.150187834268473;0.0020877099905081;0.057706509790015;0.0452429739986871;0.700871287213091
200715340075_R08C01;0.0594104944007327;0.20736045004829;0.0045302904888732;0.0691650171348621;0.0582129979946675;0.608717291582343
200705360079_R01C01;0.104425869771134;0.142508541857118;0.0477126535888519;0.0644101962315799;0.0763802428443787;0.569604518907489
200705360079_R02C01;0.0655610986065512;0.0481766907420605;0.0416519818224504;0.0418600649645901;0.0468170190563694;0.770661576830305
200705360079_R03C01;0.0585343353409421;0.175667314948134;0.0172141003462343;0.0704092047525191;0.0648368995570137;0.631216046361982
200705360079_R04C01;0.0284498654407296;0.106975748922605;0.0116272598703135;0.0447883321236404;0.0513652500234252;0.766268089481711
200705360079_R05C01;0.152053270495492;0.22948060534218;0.00441669172725747;0.102238138450906;0.0331108004642595;0.500242310113127
200705360079_R06C01;0.0639559148077813;0.0999258579417664;0.0139802592451301;0.0548519136622546;0.0454535531080465;0.741458204780487
200705360079_R07C01;0.102844254327633;0.173169668406955;0;0.106467213768948;0.0743082453245145;0.568856507243255
200705360079_R08C01;0.0465336609293012;0.0844905817323401;0.0049573749817962;0.0531345953810354;0.0633191914722763;0.757978474536322
200705360018_R01C01;0.0277540589844548;0.140576708097954;0.0300995726830446;0.0539399864733382;0.0510274213914009;0.706591835807433
200705360018_R02C01;0.00517317375978747;0.0912104658891124;0.0263610027612074;0.0444221260013189;0.0485714592587915;0.79087365582129
200705360018_R03C01;0.0742298138161817;0.139854347551127;0.0412277553901374;0.0720068399520072;0.0891731629725518;0.603846279280709
200705360018_R04C01;0.00832939414426774;0.0399626726093852;0.0447034496430402;0.0365649837579796;0.0404103642766494;0.845802364103488
200705360018_R05C01;0.156911664955457;0.270497308345431;0.0167425035283165;0.118995810145622;0.0529698265159717;0.395013507885992
200705360018_R06C01;0.12243847597158;0.159395993153218;0.0221095066761695;0.0903637929191069;0.037488123667242;0.585481694662013
200705360018_R07C01;0.190792516718071;0.184960180791385;0.0031680440590085;0.0705428152485501;0.0643765227268882;0.51383676263569
200705360018_R08C01;0.0733611716781719;0.0250802727440289;0;0.0265992975037784;0.0431715472472905;0.847550918235033
200705940085_R01C01;0.141746139655557;0.221523700546771;0.00921959547991033;0.09390373985028;0.0476602718968979;0.502896099949293
200705940085_R02C01;0.209516356094157;0.350306655974709;0.0385240916670865;0.12166429279074;0.038579228935947;0.253215506659458
200705940085_R03C01;0.019247101628969;0.114271813481649;0.0765247490830696;0.039366656171089;0.0955083653225081;0.681712045140732
200705940085_R04C01;0.0173100988541278;0.147884964766437;0.0596814605000063;0.0292953532630998;0.154231786191159;0.611971088942708
200705940085_R05C01;0.0126455348636765;0.0682758848179687;0.0463507178134691;0.0307649746439437;0.046680547982743;0.813178095004116
200705940085_R06C01;0.0511297558411759;0.175530632118817;0.0507023551484801;0.0505682489811542;0.0655318754294049;0.636865285805777
200705940085_R07C01;0.0694201580026257;0.0676119549517399;0.0727587849512541;0.037994080869643;0.0287511723513004;0.740117548096823
200705940085_R08C01;0.122999249289313;0.0926632343583498;0.0603717076624206;0.0582178507161131;0.0451146638830643;0.644041865974651
200705360087_R01C01;0.0441741721656758;0.111975302194552;0.0786325710580478;0.0744680019115767;0.0397096613351208;0.662587562717116
200705360087_R02C01;0.102490459511035;0.216876158885838;0.0772418252076862;0.0991102021196882;0.0601131229287403;0.46389714527343
200705360087_R03C01;0.055981842486482;0.0988710745533931;0.0174078959388756;0.0369368504079998;0.0309969102270068;0.772828981664522
200705360087_R04C01;0.075579680012476;0.198992634954711;0.040858930131941;0.0349855675606402;0.0442508243471556;0.611468019707452
200705360087_R05C01;0.0310484054127155;0.0433763542664371;0.0317756441294218;0.0446079931692658;0.0447554407352365;0.815394474866691
200705360087_R06C01;0.0898401422170635;0.161580799063848;0.036095090648028;0.109667789966633;0.0720596568532791;0.564084914445215
200705360087_R07C01;0.0172700597681884;0.0639951638613336;0.0476662071016958;0.0455892136650933;0.107366065201831;0.740908648565039
200705360087_R08C01;0.0383631664055482;0.115166289779018;0.0691796582022301;0.0564021622911842;0.101637372069672;0.644773051676022
200705940096_R01C01;0.000556321645720949;0.0355409266211743;0.0334504759053623;0.0270309544332321;0.0382286474404175;0.871739265616718
200705940096_R02C01;0.0177585695980201;0.0979559480070831;0.054052447484791;0.0491050324001126;0.0883362968953772;0.701830426328951
200705940096_R03C01;0.0763552408346944;0.0648545296343988;0.0668580151265504;0.0843691529151644;0.0800989126509786;0.670619801432189
200705940096_R04C01;0.0583442608473515;0.107795964910598;0.183867471346479;0.0821222444483106;0.0874029369689567;0.517100502581234
200705940096_R05C01;0.056255309716521;0.124951912037591;0.0883827482517747;0.0595049489589406;0.0498566499562578;0.647639410844251
200705940096_R06C01;0.114839424817459;0.228513822338071;0.0161564266771742;0.0930543933291508;0.0780243708543611;0.501389110114622
200705940096_R07C01;0.0787563081954865;0.0907404723280357;0.00453544664822241;0.0646952293428441;0.0648437951450229;0.739630245579283
200705940096_R08C01;0.06301988385249;0.129781690220669;0;0.0411497658808339;0.0702773487453175;0.716155198829172
200705860068_R01C01;0.0318532315474186;0.0567434018562998;0.0316737886043301;0.0404101366870188;0.0526244368891765;0.790580435373423
200705860068_R02C01;0.049554803009282;0.169099261475716;0.0289407932364632;0.0696022674032227;0.0791825188752755;0.61911187432576
200705860068_R03C01;0.0477905858138215;0.199459239044684;0.127354448094801;0.0883793139178107;0.095977584056047;0.467792412463248
200705860068_R04C01;0.0957116542023363;0.328509426419773;0.113190100642522;0.125805687246732;0.103345946278443;0.276340783869472
200705860068_R05C01;0.0431699021989075;0.0571344959555575;0.0209357814879941;0.0336993805330653;0.0275765331991412;0.837522558533997
200705860068_R06C01;0.081512740488996;0.188526606206132;0.0307855744743963;0.0644783631349859;0.0411614041336488;0.62960593089141
200705860068_R07C01;0.056902129790295;0.17293597555305;0.0282856835648795;0.0494656788977206;0.0573631321119222;0.658982162972502
200705860068_R08C01;0.0463456590526638;0.26488802296886;0.0144337618780676;0.0508081813317743;0.0500404808852577;0.593177082484478
200705940005_R01C01;0.0391914527693788;0.0906110053753995;0.02393825621192;0.0395998202144133;0.0833870181470823;0.736979827077601
200705940005_R02C01;0.0686206444568125;0.196198159376227;0.0504632287300769;0.062853601890822;0.0904925938116473;0.544844912190645
200705940005_R03C01;0.0369929942508798;0.069490293393702;0;0.0458320432598862;0.0394029413781561;0.819098546820406
200705940005_R04C01;0.0784757471778448;0.210260509509012;0.0166872789006941;0.0914673054281402;0.0739863009395148;0.544869416193166
200705940005_R05C01;0.0515400571322752;0.0928835375921126;0.0540477329962839;0.0582817333600717;0.042916717818171;0.70912335459813
200705940005_R06C01;0.0972874583130617;0.208716730376929;0.0828345647850046;0.0849586263753115;0.0781226869610101;0.473248105579889
200705940005_R07C01;0.0561938427604906;0.085319050780234;0.0199997879769347;0.0527178770874126;0.0562278365164935;0.746134870082009
200705940005_R08C01;0.118038274454095;0.200840994086328;0.00817069000245072;0.0892234754333583;0.065722070943134;0.547630263278548
200705860062_R01C01;0.039138595035219;0.242724965671791;0.0416794904767037;0.0568615832820274;0.0782435280190943;0.554032605870452
200705860062_R02C01;0.0245801879169451;0.0872099139563128;0.0303317748077285;0.0470729174841973;0.0439801260043568;0.783175924259088
200705860062_R03C01;0.0503671852522484;0.121666856998945;0.102228318220164;0.0407008554963573;0.0545399645189812;0.644692556098653
200705860062_R04C01;0.0274768059400534;0.0483245817640889;0.146473185636692;0.0255098942544264;0.0212001356857836;0.743727818735482
200705860062_R05C01;0.130987202914962;0.148632576554183;0.0430467169896074;0.107860463192816;0.0402092067261859;0.555727866695564
200705860062_R06C01;0.073150363678986;0.0377178162595863;0.0375586661678282;0.0466263377366833;0.0417678816301051;0.781720996788942
200705860062_R07C01;0.0757000920681979;0.209416431063183;0.0715436023082214;0.0936885390576826;0.0562599919496776;0.515636672257486
200705860062_R08C01;0.0453017443512286;0.154994066108145;0.0496228788435839;0.0667941333009674;0.0233095543071321;0.682222276267448
200720060045_R01C01;0.0193517188980298;0.215111441546011;0.0769462281454414;0.0660534114259647;0.0675672531301093;0.57727835996853
200720060045_R02C01;0.0291401858558098;0.393758316882849;0.101118943121205;0.0962088015985491;0.0938238389552518;0.298001836908627
200720060045_R03C01;0.013964635361945;0.0669685476429898;0.00494846584393314;0.028178813467407;0.043359738677574;0.848927291752833
200720060045_R04C01;0.0269985297007985;0.147505705519863;0.0273204714722184;0.0380324989467602;0.0666412706807175;0.697895012876373
200720060045_R05C01;0.0507109103842312;0.0953985181076107;0.053948003987855;0.057966791432227;0.0184052152526629;0.741744873737514
200720060045_R06C01;0.0823841521794436;0.194671037537983;0.0694323463549132;0.0903403144709058;0.0405387061944487;0.544323376194816
200720060045_R07C01;0.0401221752817255;0.0896476592930471;0.0851211918806446;0.0478892715855917;0.0289981222425621;0.723774112560104
200720060045_R08C01;0.0751737017272926;0.173945455723066;0.0808973115658644;0.0723430620172549;0.0650974867909657;0.544778047243853
200720060022_R01C01;0.0640719190881096;0.0554803820096242;0.026585944961953;0.0557793215870412;0.015349988665513;0.807955009926803
200720060022_R02C01;0.0822862923162261;0.202779814546204;0.0175845722750274;0.0876956919748255;0.0282480167916881;0.597220013679787
200720060022_R05C01;0.017099353001981;0.177935785398139;0.0470697182344337;0.0549733940214915;0.0157975431805635;0.703247251377022
200720060022_R06C01;0.0338993115911611;0.254079526152457;0.0816827844067071;0.0576595037752249;0.0350222661893104;0.550485395726045
200720060022_R07C01;0;0.0364332833516876;0.0246197996667479;0.0466305869404557;0.0302437852385705;0.882570151155741
200720060022_R08C01;0;0.0784691270650727;0.00791772229407557;0.0391128218888397;0.0568063450116986;0.831806712433204
200720060023_R01C01;0.0261449811975596;0.0864486480819197;0.0321899239144724;0.0415597916796703;0.0101216344490985;0.820105216900957
200720060023_R02C01;0.0736100433855489;0.232848711992802;0.0426637324430785;0.0771280578068063;0.0454838570141968;0.549746553719651
200720060023_R03C01;0.0264341347460497;0.0552288602948674;0;0.0253837236896395;0.043142044679613;0.853103191371753
200720060023_R04C01;0.0952950755331486;0.168218641239307;0.0216924874727273;0.0711620717248612;0.0731889371915195;0.586717218657297
200720060023_R05C01;0.0110505802832622;0.123969977889968;0.0475625290169627;0.0673066885271299;0.0626056703987828;0.711514723282982
200720060023_R06C01;0.0286377454776183;0.165023250986307;0.0604460938040437;0.0788593459707005;0.0989018450765608;0.595095268441657
200720060023_R07C01;0.0670638119279407;0.13951679855161;0.0481209378883745;0.09412930895136;0.0640151560587031;0.617789517092641
200720060023_R08C01;0.0974452217516297;0.239884114105358;0.0695517225983763;0.115835016918553;0.0596361030745946;0.441236532434816
200720060013_R01C01;0.122875039212734;0.138580125202956;0.102317785102966;0.0510420968566609;0.0588485807607972;0.5346434026964
200720060013_R02C01;0.0541685383532485;0.0497550715830558;0.0299247563775378;0.0188956912684758;0.034879184820329;0.810647468980565
200720060013_R03C01;0.0880589078119413;0.142071685835767;0.01355088787863;0.0305031015599675;0.0684208684954856;0.671407269648213
200720060013_R04C01;0.0458664638344492;0.0658604154732315;0.0210997533404785;0.0165582084353648;0.0605287381385625;0.796660831685881
200720060013_R05C01;0.0790849856663358;0.233179366299524;0.0847726714476185;0.0993815077904768;0.078426197739479;0.448618837662171
200720060013_R06C01;0.0215694737542622;0.0681335501944114;0.0644778567189613;0.0566457321487321;0.0352839431296856;0.773940710127428
200720060013_R07C01;0.0172348613092697;0.12238511987193;0.0405663529191202;0.0505950509121727;0.0766670665605273;0.715996817069894
200720060013_R08C01;0;0.049495381213212;0.0604480507809023;0.0267517999533987;0.0344060423303768;0.840905178571184
200705940035_R01C01;0.0679840655137444;0.180704088767313;0.047480492606335;0.0330083939618988;0.0676853648687312;0.608313328645704
200705940035_R02C01;0.0391206219117215;0.127420234005242;0.0168477158148339;0.0182030681524435;0.0353108547126493;0.763638627812539
200705940035_R03C01;0.138792786604328;0.176075753076864;0.0470879110352919;0.109664215773662;0.0640154301679106;0.478240784002393
200705940035_R04C01;0.0562994389207469;0.0799511387089416;0.0157335986743589;0.0734546710521528;0.0441942531475726;0.739443700704047
200705940035_R05C01;0.11144332873868;0.325288003910113;0.0933689296516636;0.0966070728598195;0.0638681707809857;0.330748451915267
200705940035_R06C01;0.0868549950759867;0.164390975757127;0.0556978446216861;0.0758926692407384;0.0742834973115608;0.580176015956501
200705940035_R07C01;0.0270881035701518;0.0566604953765134;0.0206905326517504;0.0618759850999521;0.0614484042837375;0.787089339777053
200705940035_R08C01;0.013758960479662;0.0489039475303081;0.0253062251073797;0.0391370562957747;0.0501650327630166;0.833096691052092
200705360036_R01C01;0.0263628820832939;0.0624490730784561;0.0240833059284163;0.024068096889753;0.060430074721313;0.799775921443774
200705360036_R02C01;0.0584362972921854;0.224590959946873;0.0158753885407477;0.0585818992210139;0.0599214870771672;0.585797073616528
200705360036_R03C01;0.0641447385793628;0.0764709395956653;0;0.0753322160525859;0.0257753662826433;0.761876981529278
200705360036_R04C01;0.136586585263476;0.179828784945838;0.0209300959415505;0.154780873774418;0.0328326397179673;0.48200942038331
200705360036_R05C01;0.0314954925860515;0.0706450104575068;0.0317519547545258;0.0557003679262398;0.0924439503078743;0.735497548442187
200705360036_R06C01;0.0278773865382528;0.134166835374275;0.0558610280915768;0.0865223935093246;0.108551921350318;0.60957254238101
200705360036_R07C01;0.0600483721825057;0.146484030860161;0.0189811007553761;0.0525432715040782;0.0322766961997794;0.707521403489314
200705360036_R08C01;0.113555920030801;0.357501737034967;0;0.0751538999171651;0.0403367356018092;0.433201975013013
200727750034_R01C01;0.0160381791706305;0.0726421498608848;0.0515110347509056;0.0561843797872321;0.0591175363270419;0.754721576878582
200727750034_R02C01;0.0720487681848107;0.148357980595127;0.0398927164331561;0.094251395282318;0.0700167518771186;0.588876579832666
200727750034_R03C01;0.0067584533976412;0.0892607755496928;0.0331707076386895;0.0724086143872611;0.0576253277215538;0.749553700510684
200727750034_R04C01;0.0126520076747118;0.217870511950083;0.0557423787296708;0.113158779963555;0.0800966794408414;0.539771814228529
200727750034_R05C01;0.0540899568418588;0.162368648676185;0.0301314808832313;0.065320681144582;0.0263576512013385;0.685096232270875
200727750034_R06C01;0.0669976940695659;0.289072785561455;0.0190984621234812;0.0774079194416154;0.0190882737853875;0.545568338902488
200727750034_R07C01;0.0448865021991271;0.161176062025212;0.0190951269262864;0.0690817612893973;0.0437785342499699;0.678932026245629
200727750034_R08C01;0.0797040265809417;0.292454611465251;0.0256722611484101;0.109698733984784;0.064826952600867;0.449721323458041
200727750096_R01C01;0;0.112095781212057;0.105708368803418;0.0314736311765309;0.0705847859851332;0.69570269117798
200727750096_R02C01;0.015455487196896;0.199384738036275;0.119405396031973;0.0438529129178698;0.124768293570466;0.519052510684851
200727750096_R03C01;0.0228729068344819;0.0125414196716232;0.0272006052347568;0.0372459753438232;0.030000600864199;0.8859794111188
200727750096_R04C01;0.0841424393792768;0.134069186055642;0.113339560541794;0.0714833441537121;0.058654840841008;0.559806765185873
200727750096_R05C01;0.0386997857215953;0.0273973949924057;0;0.0266600360708724;0.0326594188120318;0.881530689327057
200727750096_R06C01;0.115206891325268;0.144160279062067;0.0197569719131354;0.0606092382064351;0.0633365233683855;0.620140094327599
200727750096_R07C01;0;0.0157543911413405;0.0151382808910548;0.0214183937058308;0.0546406712932818;0.90697938596257
200727750096_R08C01;0.0170486187067449;0.111142091990043;0.0387073469897273;0.04029590251406;0.0961983418434531;0.723931543939049
200705360035_R01C01;0.0149792504196189;0.0339130345196997;0.0484879637305335;0.032192923397782;0.0517370389086677;0.830918133444048
200705360035_R02C01;0.046318773696719;0.124358921593359;0.0453355557422261;0.0429138660310732;0.0967118492453121;0.661306236923531
200705360035_R03C01;0.105114826667901;0.0441566719548638;0.0938094374210909;0.0307596207079789;0.0284623488746797;0.718027488314553
200705360035_R04C01;0.239168374006806;0.101707558674209;0.122688176381761;0.0241679499878519;0.0862115771865169;0.435394276746633
200705360035_R05C01;0.0501019811577055;0.108646844870345;0;0.0567776732342647;0.0487804894649987;0.755513641805485
200705360035_R06C01;0.0820949052061369;0.17031043273925;0;0.0753996069723203;0.0522183771440224;0.644370061970671
200705360035_R07C01;0.0411830616978734;0.104766407704671;0.0440752150220143;0.0789021696739605;0.0282467320488468;0.738410093302169
200705360035_R08C01;0.0684624718808659;0.257239193439351;0.111634908552337;0.10637855427836;0.0397320933995004;0.450976071933887
200705860079_R01C01;0.0780039235052515;0.203772107215894;0.00758634233910006;0.0505006694704863;0.0584883495041889;0.611397401265384
200705860079_R02C01;0.0229657944916152;0.0461747107154644;0;0.0162211147695216;0.0337165575490543;0.882223452405189
200705860079_R03C01;0.0831159450583759;0.230941643868846;0;0.105719959160556;0.061683930538397;0.531358243953687
200705860079_R04C01;0.0586932352709912;0.120269041043229;0.00831413678087328;0.0606278835345394;0.0519258595222635;0.714781132787456
200705860079_R05C01;0.0413032591039865;0.204977552856159;0.00594821412028079;0.0563879874311015;0.0824696380060447;0.633331059050484
200705860079_R06C01;0.0108190392125232;0.0613047361426332;0;0.0244223263088107;0.0371877462123654;0.876775487251551
200705860079_R07C01;0.064444913683174;0.119367899907881;0.0063385264029532;0.0510317492655832;0.0652553288532336;0.714664736513482
200705860079_R08C01;0.0567356229760703;0.135234533534779;0.0126466842752139;0.0486024986649991;0.0686437859873356;0.697218780908549
200712160033_R01C01;0.0782029380367321;0.218013385270126;0.0347296227760492;0.0617330951446639;0.0529998294793824;0.56340471225721
200712160033_R02C01;0.025992391152774;0.186350122762088;0.0676363685333607;0.0564706815166275;0.0531750162213351;0.614610505813951
200712160033_R03C01;0.0834484967628029;0.164098541190916;0.039753978016244;0.05333355405858;0.0614391218060731;0.61139156763793
200712160033_R04C01;0.0308666786454934;0.0953731960292169;0.0505282998159478;0.0383056063169723;0.0523723950688818;0.742948071454701
200712160033_R05C01;0.0497599102894018;0.1494175087597;0.072967935532827;0.0604379957103024;0.0765694851751061;0.611325764167001
200712160033_R06C01;0.0117111762851851;0.0254966246438981;0.0324371008587451;0.0186782549890647;0.032609201687336;0.886653665935602
200712160033_R07C01;0.0393772544608486;0.265795985162461;0.043338767295361;0.0649004738470715;0.0621175359840002;0.545162912497462
200712160033_R08C01;0.0265232881878641;0.102469848143412;0.020043655916552;0.0443785461732883;0.0454202692848805;0.780165490883386
200705940088_R01C01;0.0611223604089113;0.160721896981741;0.0628000040603316;0.0480262404946317;0.0121537655645849;0.664346246158226
200705940088_R02C01;0.101918044840453;0.324820930623675;0.0533365507241773;0.0689676336499832;0.0163918006930726;0.440036777411499
200705940088_R03C01;0.0228241044429674;0.0708059690606404;0.0830496008854682;0.0278747527882503;0.0221113470231679;0.786986112827726
200705940088_R04C01;0.0440026749959223;0.154382724478463;0.109421640289285;0.03904830338295;0.0528079236454355;0.623829706713741
200705940088_R05C01;0.0374237205444128;0.146842849647078;0;0.0543021959726348;0.049244210105973;0.719018769879852
200705940088_R06C01;0.0878288362604084;0.278895657445147;0;0.0909175308993476;0.0673564849472154;0.4947544836444
200705940088_R07C01;0.031712984578906;0.111305079268705;0.0166914368508645;0.0337489628102131;0.0371934141871328;0.781414431697232
200705940088_R08C01;0.0708658979949588;0.265412809578669;0.0221465035578946;0.0684650690268621;0.0441778782429842;0.543519409963983
200712160082_R01C01;0.138493103311031;0.0923010598484502;0.142201055342997;0.0524469951906235;0.0561351716077252;0.539816593946434
200712160082_R02C01;0.116789922910693;0.0287470204907096;0.117448514339582;0.0322358936621623;0.0471376387687635;0.675926795191591
200712160082_R03C01;0.0571648684585625;0.122145901183871;0.0262842687427806;0.041504625337162;0.102409124609335;0.660202524172191
200712160082_R04C01;0.0347025940479849;0.0401376004847796;0.00513030732629384;0.0313694775254913;0.0692198624363074;0.82609924742324
200712160082_R05C01;0.0898175380790505;0.126202728559583;0.0659684437529588;0.0859615792420629;0.0605681520735759;0.609034933999523
200712160082_R06C01;0.0629156883491916;0.0557063584152929;0.0526699016219552;0.0647406111148663;0.0505240007393144;0.743003850857427
200712160082_R07C01;0.0702185322270264;0.0793294423629894;0.0784684991807106;0.0722439027155567;0.0528328810516994;0.678137098075058
200712160082_R08C01;0.0921463794403806;0.0469043963165542;0.0650867313525768;0.0561130994517068;0.0280067648180159;0.736780524409357
200712160002_R01C01;0.0578873687195848;0.0907852974612133;0.0177539551131802;0.0772737259685211;0.0445118600432259;0.72798288655096
200712160002_R02C01;0.046229984940954;0.106443380753658;0.0250667156112987;0.0637290395073046;0.0511532163258928;0.718830578788828
200712160002_R03C01;0.0490487620202174;0.0841800607797291;0.0386274008364271;0.0706067428557216;0.0487098575120013;0.722683526392112
200712160002_R04C01;0.0774200839378636;0.2039340465255;0.0783395261991377;0.107921255808968;0.0767776967748921;0.472665409641568
200712160002_R05C01;0.0543849562320866;0.143224475041204;0.0201396292057391;0.0661770289551152;0.0479788319905581;0.695647353427961
200712160002_R06C01;0.0822480055559667;0.225750559254474;0.00296862084103107;0.0719897496231091;0.0526849011050773;0.591107582357271
200712160002_R07C01;0.0149974985072922;0.130756783906996;0.0483851159963982;0.101801126999983;0.0487414789636374;0.680546910753976
200712160002_R08C01;0.0763628338159355;0.267054638831915;0.00757789444119404;0.181058202238334;0.0498025320403192;0.447897456895149
200715340013_R01C01;0.0496360781591563;0.203751399167455;0.0661787456199376;0.0699516601754671;0.0493042310269743;0.577276048851127
200715340013_R02C01;0.00971686006526717;0.116661554732077;0.0663696653591039;0.0529715836637444;0.0394971460549535;0.729742684249189
200715340013_R03C01;0.203467060747693;0.181490662872865;0.0394994099068123;0.125535359260275;0.0394602249287711;0.455661813207477
200715340013_R04C01;0.10866756421444;0.110074290834706;0.0216305494984045;0.0659741534345335;0.0303934909520004;0.687117073089114
200715340013_R05C01;0.109898648128307;0.191918237996116;0.0818419920279358;0.117655213723798;0.0738971498867254;0.471441853218633
200715340013_R06C01;0.0404704315846045;0.0765622965779818;0.064296731177694;0.0690005850432154;0.011399886938991;0.77088339934824
200715340013_R07C01;0.0631103344897488;0.193805110867285;0.0336406560765482;0.0782189955460833;0.034630722973837;0.627085619455286
200715340013_R08C01;0.042634247662011;0.108017677562991;0.0185716439162112;0.0558822440805671;0.0328488737333599;0.76240309124426
200712160042_R03C01;0.0838149132633471;0.122171577998823;0.0480792716302692;0.0631796971843454;0.059291777563167;0.654886762251522
200712160042_R04C01;0.0325035535772108;0.0329908668510685;0.0211687197462385;0.0296439259618254;0.037914752157283;0.861506511771285
200712160042_R05C01;0.142559413115787;0.117660669548794;0.000513000998130663;0.111654665958688;0.0921985139104276;0.566817246635463
200712160042_R06C01;0.104790252392892;0.0624130537762166;0.00325245313047632;0.0807909006177479;0.0640216770449275;0.714922874416923
200712160042_R07C01;0.0822093492579932;0.16933257616766;0.0703749488237763;0.0806781118789859;0.07194084954851;0.560681877546439
200712160042_R08C01;0.0398694178429171;0.088679593650792;0.0476212917549869;0.0490483128922213;0.0513786992247257;0.75875932550274
200705360049_R01C01;0.0976465518201191;0.17474556414659;0.123820787091694;0.105829065990177;0.0409437395947165;0.485668525402723
200705360049_R02C01;0.0659847245989132;0.0907272705965269;0.0880344222076726;0.0869645936647006;0.0313000847066972;0.668058455008425
200705360049_R03C01;0.135006752580933;0.181708801720337;0;0.0728191569122284;0.0723441764322783;0.570215613010791
200705360049_R04C01;0.0531791098751502;0.0629015098100567;0.00875001275508738;0.0340096039597915;0.0483103899858889;0.803554283486972
200705360049_R05C01;0.0737231002145844;0.136851969984658;0.049423420204745;0.0815850361742246;0.0425799523839863;0.648582173215023
200705360049_R06C01;0.0425220903726106;0.0747493879212056;0.0547296784652601;0.0576277934236935;0.0245114030725297;0.77200831937449
200705360049_R07C01;0.0717717108493771;0.126178661171239;0.0846200931745756;0.109522807494665;0.0705992528428685;0.573463735021766
200705360049_R08C01;0.104781824172781;0.046346320231884;0.0608334346320491;0.0950022503769273;0.0689010570261265;0.658279503377014
200705940062_R01C01;0.0511073981474884;0.0600828855606797;0.0221418706124771;0.02506024969709;0.046887997598397;0.801885734258157
200705940062_R02C01;0.0768974600161712;0.145098458579331;0.0198710909710541;0.0363466983093642;0.0665844269716071;0.667469812714178
200705940062_R03C01;0.102720459381263;0.118434440674435;0.0233819334769886;0.0609749402420843;0.0325698652913245;0.682884199000035
200705940062_R04C01;0.112285264912594;0.210760395789532;0.0736448357741879;0.0728964643454253;0.0419799297363923;0.510570087565427
200705940062_R05C01;0.032918469567145;0.0513615412279059;0.0426867271717929;0.0499126677332693;0.0326009567048721;0.809934492504343
200705940062_R07C01;0.0334335220895956;0.127079303446731;0.0165822469528483;0.11317684811262;0.0777773869225936;0.660602832672739
200705940062_R08C01;0.0266522428425733;0.179094221487068;0.0299815591122134;0.13027240801746;0.0821650281527627;0.584036233425086
200705360025_R01C01;0.0570157459113453;0.29162168363907;0.0324384523098842;0.141988482343231;0.0812854543392803;0.414143482827166
200705360025_R02C01;0.0310191265106389;0.137682676311264;0.0302656418175071;0.098923770364266;0.0598167262705154;0.661831381893912
200705360025_R03C01;0.0269090215800704;0.129620227889144;0.0495834549892731;0.0612127194656547;0.0801338856913276;0.675399803451843
200705360025_R04C01;0;0.0132427124533635;0.0295895591473778;0.0320937749488448;0.0384869792347949;0.898895760807395
200705360025_R05C01;0.0272306212839666;0.174171644319478;0.0410994257843889;0.0481444813486611;0.0940022853470187;0.639569876559965
200705360025_R06C01;0.00691196389639025;0.0497027695256089;0.0204241810465333;0.0292530988653716;0.0494934006714703;0.859506363754739
200705360025_R07C01;0.0650077852555807;0.167192121919904;0.030284379338851;0.0678880584858243;0.088653105412559;0.611021988107863
200705360025_R08C01;0.0149163190325775;0.058282396168803;0.0404899179300793;0.0379676200462954;0.0449076905435754;0.817907523956125
200705360050_R01C01;0.0725026171404968;0.261523720177641;0.065907329446483;0.0713815460977141;0.113187119355254;0.440789658005186
200705360050_R02C01;0.0262677395337222;0.167245633546172;0.079092489419444;0.0463265882003214;0.0656284068082802;0.63877341140699
200705360050_R03C01;0.0583484863271308;0.192815319239785;0.0154387399895472;0.096708775728563;0.0934648391061201;0.57050965315723
200705360050_R04C01;0.0320488754871593;0.0729081434066011;0.020147666806654;0.0576732431989056;0.0459115173768418;0.78737870319202
200705360050_R05C01;0.070207834346846;0.141274099923082;0.0417627062821767;0.100147352220255;0.0412530595890618;0.636128619267956
200705360050_R06C01;0.0403418064510562;0.0991848424974004;0.0421710819794977;0.0722062025426839;0.0360237380291356;0.735772753165166
200705360050_R07C01;0.0852138086963881;0.263579242021934;0.0608494635259156;0.120587394449696;0.0935256985245951;0.410255298301026
200705360050_R08C01;0.0357260357334235;0.0678836575036005;0.051840235309208;0.0604466808386976;0.0339751263879371;0.780214023071974
200705360032_R01C01;0.0277950899905142;0.0463692443880174;0.0462462212130343;0.0408801389945186;0.0255024455664242;0.827861117250967
200705360032_R02C01;0.0548521829942142;0.167540359992826;0.00772161286667163;0.0657338767063507;0.060692713554998;0.664576256944102
200705360032_R03C01;0.0691416219233969;0.135927522192503;0.0545727841340698;0.0614523047166871;0.0523817720989069;0.654045686278734
200705360032_R04C01;0.119548403830438;0.260961920820611;0.0794507152557784;0.0991081148458885;0.0741038143424082;0.399593057169326
200705360032_R05C01;0.0419386558310319;0.0514705758882305;0.0353238942843975;0.0394283141653303;0.0529430050078301;0.796236480428153
200705360032_R06C01;0.0928953694652788;0.173267194586267;0.044890691955951;0.0628194083529907;0.0839052917087862;0.567632181634903
200705360032_R07C01;0.00586404393394954;0.044598060059602;0.0257594756322937;0.0526936259866097;0.046442539256765;0.848314094460123
200705360032_R08C01;0.0228752270870472;0.1186462879877;0.05675924120473;0.0696018109958808;0.0718412366058886;0.689184224891825
200705360106_R01C01;0.00150993066003608;0.0955324048529099;0.0255352294518196;0.0407717683906109;0.0376507331720865;0.812461042177825
200705360106_R02C01;0.0639107056117741;0.26322572803358;0.0992585329413983;0.0934653615321675;0.0615651818191836;0.453106021087535
200705360106_R03C01;0.0828355155333938;0.0736706086577771;0.0225945877648436;0.0576677926740035;0.0382145445782271;0.74250886744501
200705360106_R04C01;0.11388518910217;0.189986479013562;0.0467294718861013;0.0947798102154314;0.0727073974006625;0.494373669486695
200705360106_R05C01;0.0434490811016593;0.120936262186349;0.0246387768008073;0.0743689010028456;0.0541376621633025;0.710320958779027
200705360106_R06C01;0.0797742452483621;0.17723923052974;0.0234496275880376;0.121474363259615;0.083362745796394;0.545649259216817
200705360106_R07C01;0.0629093355977492;0.0798956087907659;0.0252716423553323;0.073845313582432;0.0419456187607976;0.747004057106649
200705360106_R08C01;0.0697243133533018;0.157723717143931;0.0237257941361964;0.0971576642217609;0.0739730494000119;0.607524807655278
200705360003_R01C01;0.044211780527553;0.0774243792317932;0.0460213521095719;0.0465468815865864;0.0557693993769072;0.739018704420991
200705360003_R02C01;0.076422726581469;0.13877559201041;0.0457079039429454;0.0825144893352604;0.0831188733357385;0.596806279172113
200705360003_R03C01;0.0709978912170751;0.0643670586866963;0.00667035211840157;0.0453676584683629;0.0579560985663383;0.779325100484669
200705360003_R04C01;0.0933433075567671;0.133905103960918;0.0267987824186615;0.0506084496541133;0.0779195804978736;0.643774010359591
200705360003_R05C01;0.0201867475992696;0.0966275017026448;0.0916352591820048;0.0474917714953313;0.0434676465188744;0.722461988692515
200705360003_R06C01;0.0619325540382999;0.184822338097049;0.0527204609281911;0.0838302475917751;0.0717998328706749;0.576733809230833
200705360003_R07C01;0.0379259253016888;0.120485225482293;0.0701446765730373;0.0515319147061004;0.0432969321185328;0.701312350999102
200705360003_R08C01;0.0726857313183101;0.23905840513567;0.0806702409941452;0.0861921602241622;0.0486926883826381;0.510594980946364
200693480153_R01C01;0;0.0434955415089868;0.0253060183568048;0.0476778414508794;0.045573312547281;0.851601052133999
200693480153_R02C01;0.0198108469839757;0.112830588567068;0.0600917218612636;0.0772512785355494;0.0851126032350297;0.669273140787124
200693480153_R03C01;0.0598012147904169;0.15068890103398;0.0489628152882568;0.0659548564785802;0.0378981875640743;0.66020144674807
200693480153_R04C01;0.0519647956664678;0.235556887852201;0.0514315669207713;0.0802506745379557;0.0275225013407779;0.574137471999966
200693480153_R05C01;0.0718354703738995;0.142445679576904;0.0217757113726786;0.0958456689719133;0.0796248290535274;0.612974932550022
200693480153_R06C01;0.0989024663955019;0.273639846297557;0.0118334278402719;0.128490993697777;0.12268629979013;0.388479743330601
200693480153_R07C01;0.0111177950343533;0.0502352192500345;0.0583829778723659;0.0690567831080212;0.045801133245077;0.789259447711868
200693480153_R08C01;0.0492670572214009;0.176690241419496;0.085507950903074;0.110753195790264;0.0598413986642316;0.548759761815373
200720130043_R01C01;0.0626952637954607;0.109627816021558;0.0330375579144314;0.0323624971946795;0.0464154184660004;0.714352580961878
200720130043_R02C01;0.0905158520711156;0.185911802668449;0.0480711688289597;0.0463448084978388;0.0627864190386948;0.573924388457351
200720130043_R03C01;0.024668360935416;0.0958285526551325;0;0.0221239309166762;0.0670608857356264;0.790650706559052
200720130043_R04C01;0.0270191532386377;0.1391453689289;0;0.0219099479495944;0.0852498363242444;0.722245684766144
200720130043_R05C01;0.0159683836270906;0.137566611716679;0.0991378861377557;0.0715056060507264;0.0216937355782484;0.657331109420607
200720130043_R06C01;0.0233688695912035;0.204751567975465;0.152510277181547;0.0910219256402909;0.0281952253155476;0.508148647489392
200720130043_R07C01;0;0.0691155842147718;0.0227008928270532;0.07087408750264;0.0421062654041059;0.805049881939192
200720130043_R08C01;0.00316750203506781;0.241241295966406;0.0527049314130301;0.108684443244723;0.0714207293972936;0.533931487262203
200720130024_R01C01;0.0323584489365351;0.0707596190267234;0.0569164799681418;0.0341846856773159;0.160371466377465;0.648525417349656
200720130024_R02C01;0.00525309181006071;0.0250806761782573;0.0496617086237337;0.0202653977430248;0.0835199381143062;0.82105544387171
200720130024_R03C01;0.0287741669161892;0.205006772946028;0.0283130018123503;0.0135469195502523;0.0388386240894429;0.684034539276415
200720130024_R04C01;0.0127104209514106;0.110883913066303;0.00910724847303696;0.0104910740505822;0.0486511847740989;0.808079901479342
200720130024_R05C01;0.0880721740123354;0.147957825475741;0.0933757397280394;0.0639284043607429;0.0696995585301932;0.542261146769214
200720130024_R06C01;0.0439909453376017;0.0380771941738804;0.0426558039898393;0.0338653927485593;0.0463680125832326;0.806306486141509
200720130024_R07C01;0.000760094086547468;0.180913960614305;0.0853937546326345;0.0434383107407584;0.0589501130566911;0.639451712458904
200720130024_R08C01;0;0.0633281137563628;0.0636851399842685;0.0182902107154293;0.0354912631340869;0.816863751699123
200712160100_R01C01;0.0500946403953881;0.27443983407762;0.0785646723565676;0.0883050842134013;0.0531073865443994;0.468780559430168
200712160100_R02C01;0;0.0678050840855062;0.0450581088577108;0.036562283997644;0.0383585428455549;0.817313273217898
200712160100_R03C01;0.054607567141943;0.173949847041204;0.0462307115219036;0.0819695773273601;0.0476721751622663;0.614883601150554
200712160100_R04C01;0;0.0583101263232923;0.0114910504118646;0.0209037594506634;0.0394711897228837;0.867968547195514
200712160100_R05C01;0.0429139317548472;0.197683807641767;0.043384210075595;0.0332339990432886;0.085790762282144;0.59688277209186
200712160100_R06C01;0.0258238595053897;0.0316958734644573;0.00827557571510025;0.0224978157287838;0.0681961831701741;0.846128381696344
200712160100_R07C01;0.0162792644172335;0.28269945434073;0.0152313457171853;0.0330271979663623;0.0488441578088998;0.603666667881489
200712160100_R08C01;0.0070606687642161;0.18190437021675;0.0110202445080179;0.0329960135813031;0.0400863450332375;0.735213567294508
200720060107_R01C01;0.0910930188964919;0.247279276854573;0.0962003783197545;0.104276632812025;0.0404844210093001;0.439118616374037
200720060107_R02C01;0.0523888523279733;0.108405425634031;0.0689890848003605;0.0641813109363021;0.0210834706947787;0.711611184514392
200720060107_R03C01;0.0684576095455512;0.174427544969219;0.026351417389729;0.0791591301481079;0.055208123634682;0.60838197830137
200720060107_R04C01;0.0351781297691914;0.183065682933737;0.00649748056774327;0.0524961873279091;0.0621957444525936;0.658995108528879
200720060107_R05C01;0.0646287263380225;0.142351728445043;0;0.0563659605657907;0.0567677629577717;0.697672730918187
200720060107_R06C01;0.0179248732957896;0.031561082232928;0.00350002851456956;0.0268693866668111;0.027912712461396;0.901730922650505
200720060107_R07C01;0.0216317262830275;0.150259235626456;0.0241073375184039;0.360606733624489;0.0265184425149775;0.426359446067873
200720060107_R08C01;0;0.0800876924769768;0.012673055181348;0.28793456544078;0.0134568281334529;0.603554111800203
200720060060_R01C01;0.0355197810845102;0.0778788835482994;0.0254215937773265;0.0387969069282888;0.0650888791328688;0.765075105601029
200720060060_R02C01;0.0189200545648403;0.0301864708173459;0.0141471117640967;0.0432370236975902;0.0186051129998967;0.883072052762921
200720060060_R03C01;0.0177877094520847;0.203219524799454;0.0968040511001056;0.0622421808055652;0.055278791474215;0.581423832526097
200720060060_R04C01;0.0165978117447565;0.16098155817326;0.101353107655244;0.0492697484519054;0.0414868074801511;0.645379292747047
200720060060_R05C01;0.0249069150372392;0.133267326676509;0.0863726674890046;0.0662574961976294;0.0710168183994945;0.632060015750381
200720060060_R06C01;0.0384921638128062;0.0546783028791287;0.039801820745182;0.0507481932655369;0.0622847740028266;0.771685054753238
200720060060_R07C01;0.0823014545609428;0.198742906757005;0.161503168780844;0.0950160369948591;0.0659975534590733;0.426665355172456
200720060060_R08C01;0.039804962530038;0.0893052427074258;0.130566662798952;0.0638641662781307;0.0583879419969578;0.637908203005093
200720060077_R01C01;0.0221575879273097;0.0832856268051786;0.0303645258938647;0.05795199639776;0.042850601856971;0.764894302401382
200720060077_R02C01;0.0751817633214832;0.210800838596912;0.0724065763629857;0.0813901272323786;0.0870051457581139;0.472751496625375
200720060077_R03C01;0.0180361560035971;0.0179027805587811;0.0492082854823283;0.0305666958165168;0.0115368682939661;0.878345820665371
200720060077_R04C01;0.0764016716549007;0.125931753143064;0.0701837464254906;0.05698676517007;0.0634280922530217;0.619584008115484
200720060077_R05C01;0.0155535727267616;0.0893278811255825;0.0366637398947261;0.060888302539204;0.049134113159274;0.761921362506846
200720060077_R06C01;0.00607070260500022;0.152102427712077;0.0469344817523216;0.0871033080904399;0.0526061663586589;0.670332543606229
200720060077_R07C01;0.0664902221991352;0.0581453570894697;0.0189842750362205;0.0501644161684071;0.0517231331605435;0.765768112110117
200720060077_R08C01;0.12218234518806;0.162025549767436;0.0245004886763929;0.102086557923007;0.0720675108355577;0.528201806810268
200720060070_R01C01;0.0300914422468833;0.0432438556070789;-8.67361737988404e-19;0.0190633083992782;0.0449136345989213;0.865153213237249
200720060070_R02C01;0.110340714855215;0.152314675813184;-3.46944695195361e-18;0.0546972157541356;0.100665000260495;0.597422732439113
200720060070_R03C01;0.0113906474383539;0.0873322722853687;0.0436867639702749;0.0252601422602532;0.0449587141803793;0.791604781301664
200720060070_R04C01;0.014026522107854;0.114275162203962;0.0714782929926232;0.0302775115767795;0.0797380455523297;0.697176808814606
200720060070_R05C01;0.044843756822655;0.0402227329265984;0.0197250676514689;0.0408749312594196;0.0574093272947481;0.820675292347454
200720060070_R06C01;0.0819713836891915;0.128497265380176;0.0742440265356989;0.0725808112531312;0.101696620182722;0.57203774420971
200720060070_R07C01;0.0457382946046171;0.0689235888144124;0.0102284317122507;0.0565027201583463;0.0521121868221213;0.787468501249973
200720060070_R08C01;0.0805524886703868;0.149871226783607;0.0767587005310756;0.097382274162505;0.0799209355042199;0.537182439425015
200720060067_R01C01;0.0201817747480924;0.152926268636592;0.0435562636835151;0.0648398165211114;0.034150040857286;0.681633504665738
200720060067_R02C01;0.0141676036044052;0.0739576345163241;0.0223809849211785;0.041030850653534;0.0281386538838575;0.817977373919717
200720060067_R03C01;0.0486012330530109;0.213195400653928;0.0135527012556181;0.054759032109438;0.0496476655523852;0.63573528447287
200720060067_R04C01;0.010933178021132;0.104640604156004;0.0263217161308528;0.0278194470974164;0.0366671651534847;0.800120571868761
200720060067_R05C01;0.069022006835087;0.133172557496703;0.0791202412615083;0.0427792196000768;0.064872058082165;0.634117073017107
200720060067_R06C01;0.0228899188650177;0.0689140445149381;0.063217117026236;0.0270318001790167;0.0392816309382114;0.794790123398102
200720060067_R07C01;0.133174900113932;0.133555131377813;0.108069345325498;0.0968814221893183;0.0961362835943486;0.463163900105335
200720060067_R08C01;0.07787353936554;0.0526681543331114;0.0343004200364045;0.0687493621572325;0.0602437790827467;0.732646102658235
200715340035_R01C01;0;0.119805640157576;0.116170496047037;0.0716382742628362;0.0362331238762442;0.658840857396946
200715340035_R02C01;0.0653097747713082;0.200635751757561;0.133357661018773;0.107498361604607;0.0544490634045541;0.451893391330587
200715340035_R03C01;0;0.0844774532019978;0.0217051722952707;0.0407842438664834;0.0635990896844414;0.796353643313903
200715340035_R04C01;0.0214404369862689;0.199734194946631;0.0357583922732958;0.0574318541843127;0.0934000807014511;0.610556447376174
200715340035_R05C01;0.0337102644512067;0.0458265399206173;0.0640237700000696;0.0529268617833575;0.0574211450795147;0.769014907991346
200715340035_R06C01;0.0656156415969566;0.142342748864769;0.0718073193943686;0.0931837696429887;0.0974119480058737;0.562465126578211
200715340035_R07C01;0.0235652696591994;0.0191031430612552;0.0148263024350869;0.0295648879324847;0.0280625400926435;0.899605704137183
200715340035_R08C01;0.0245309396077586;0.128691467215366;0.258643194873785;0.0379007635723628;0.0408359858168774;0.531661036654763
200712160065_R01C01;0;0.115607692761751;0.0486939890685927;0.0519023998530733;0.0499632952731853;0.736077143672313
200712160065_R02C01;0.0475953072732907;0.244020791436392;0.0620134614955947;0.10525263882326;0.0838556369761616;0.47156872860848
200712160065_R03C01;0;0.0712770001241468;0.0315895137306082;0.0391920304571504;0.0406866895067389;0.827567834602915
200712160065_R04C01;0.0341787621179986;0.151961875876527;0.0396389758395364;0.0532341649001982;0.0625769251690982;0.675618658385133
200712160065_R05C01;0.0234129022054368;0.0927916092099183;0.0221824131791668;0.0443724587899191;0.0469827373729772;0.79305034386704
200712160065_R06C01;0.0762891725697376;0.228810295766558;0.102582390149183;0.0660264470843273;0.0795075969735987;0.474175065476282
200712160065_R07C01;0.0698373868327096;0.118472596376838;0.0704122525027583;0.0639890785505621;0.0410459084336333;0.651690915600536
200712160065_R08C01;0.0973947861172109;0.206624595565413;0.0649343936539742;0.0836421002138541;0.0631073872377849;0.506654539512279
200712160098_R01C01;0.0820591850201253;0.191652523094028;0;0.097522860202629;0.0581089761338994;0.570973035328538
200712160098_R02C01;0.0182134173095433;0.0573162978495013;0;0.0384108184030703;0.0463481252627036;0.841269898000763
200712160098_R03C01;0.0316972392292843;0.205422382939839;0.113690989387774;0.049059921141623;0.0826772041488937;0.516857020530378
200712160098_R04C01;3.96778188598022e-05;0.0743530281951212;0.0223055274568438;0.0226623960358172;0.057201998921527;0.823731761398409
200712160098_R05C01;0.0195171188981138;0.238547667161788;0.0699839754093932;0.081654887907356;0.0428081883614234;0.560845211120563
200712160098_R06C01;0;0.0845824100679672;0.0127005463044204;0.034960342862927;0.0265963176829589;0.846496507282158
200712160098_R07C01;0.0890996451562771;0.229522491473254;0.0572134952687732;0.064999317349736;0.0508506786560493;0.527823308219371
200712160098_R08C01;0.0572584631747995;0.155597423691627;0.0932389930849217;0.0593210486232297;0.0372859416302262;0.612244093231736
200712160086_R01C01;0.00932542754325319;0.0789993742992845;0.0267309048913466;0.0247015201609248;0.0722074180762043;0.786445341077382
200712160086_R02C01;0.0553540183247531;0.183074612167643;0.00660489764917563;0.0686174281194252;0.0950434294967021;0.589777258564949
200712160086_R03C01;0.000915382659490793;0.114598307541779;0.0279569227361185;0.0451742880760618;0.00395718203873163;0.814728552617173
200712160086_R04C01;0.0494750442196386;0.178366680112512;0.0197656227712109;0.0785850968877981;0.0401517149893506;0.643613026575539
200712160086_R05C01;0.0289446072899504;0.159670586886032;0.0606029862099463;0.0818851032914834;0.0517217695103911;0.62630496825664
200712160086_R06C01;0.0532805315490124;0.181587485013141;0.0916594662777414;0.0919364034421925;0.0513358508303716;0.542964357166474
200712160086_R07C01;0.011444020563412;0.172607383501543;0.0387120337912554;0.0531455639186803;0.0495028424147647;0.68068710301418
200712160086_R08C01;0.0479005335025936;0.308806283078845;0.0450781550056184;0.0828321370645628;0.0846152925419861;0.441178542573043
200705940043_R01C01;0.0400737697119525;0.0738036004519155;0.0115846103096132;0.0528789066000221;0.0366397095822758;0.795251505985604
200705940043_R02C01;0.0855988283607289;0.172002363928328;0.0203958461616631;0.108584794476335;0.0610810215757469;0.574289208866975
200705940043_R03C01;0.0206878824609137;0.0789650709266476;0.0248582500275153;0.0579779814391647;0.0500056400145747;0.798111309569332
200705940043_R04C01;0.0282100547277202;0.21823117774647;0.0821687144388061;0.0625889585357165;0.0754822795990586;0.557219027066958
200705940043_R05C01;0.08650450158405;0.0953964557014285;0.014080782560667;0.0558553526962362;0.0950062290857395;0.679791601391197
200705940043_R06C01;0.109717571016678;0.161538229795217;0.0538302075715381;0.0691429993664974;0.108437242641883;0.529226915036348
200705940043_R07C01;0.0183125986017401;0.0726891746767135;0.0688580937226799;0.0227482017921248;0.0710609153740036;0.757141053401259
200705940043_R08C01;0.039051348572714;0.181040113486702;0.0427883645707589;0.0480894021784838;0.110595909943979;0.600467537236864
200727750089_R01C01;0.085269269705377;0.221014193468554;0.0078226838231975;0.0973609986203121;0.0385284576385674;0.572739997602766
200727750089_R02C01;0.0519411537592787;0.133301259401163;0;0.0699808234431327;0.0293272214182249;0.738145119029047
200727750089_R03C01;0.0173227653293676;0.134171610747574;0.00695064239539147;0.0607706641586067;0.0509440961617879;0.759609294823446
200727750089_R04C01;5.83919247402409e-19;0.049716793935834;0;0.0249956711080546;0.0270350885184265;0.905785353260022
200727750089_R05C01;0.0746597220863077;0.236422136524503;0.0200744445173395;0.0929769437042922;0.0805076562506922;0.520717608285734
200727750089_R06C01;0.030665919290247;0.110073407143131;0.0445200441638793;0.058179999522296;0.0399335108563472;0.732107656985357
200727750089_R07C01;0.0432332273689289;0.181586295594765;0.065268324793354;0.0404470126694419;0.103892682798554;0.590449882624158
200727750089_R08C01;0.0187415722203694;0.0913589813885787;0.0633584549456808;0.0342535133557908;0.0760685790141813;0.734611553867156
200705360019_R01C01;0.0775862995666034;0.0927321542082436;0;0.0587988782503775;0.0487315528433434;0.735225308941561
200705360019_R02C01;0.0993343152909195;0.166868591198725;0;0.067376908140259;0.052257799519357;0.636268778975359
200705360019_R03C01;0.0923886281988351;0.134576713856991;0.00516575110940335;0.0436070529445495;0.0617307873110189;0.67983470728563
200705360019_R04C01;0.0649478088555345;0.0867741091795231;0;0.0465631523554042;0.03871876814091;0.780365335625057
